altLabel,title,uri,source,status,redirects,disambiguates,matched_entity_type
"Aalto University","Aalto University",http://dbpedia.org/resource/Aalto_University,,auto,,,TRUE
Accenture,Accenture,http://dbpedia.org/resource/Accenture,,auto,,,
Acklin,Acklin,,,auto,,,
"Advanced Knowledge Technologies (AKT)","Advanced Knowledge Technologies (AKT)",,http://www.aktors.org/akt/,manual,,,
"AKT project","Advanced Knowledge Technologies (AKT)",,http://www.aktors.org/akt/,manual,,,
"Agentis Software","Agentis Software",,,manual,,,
AgentLink,AgentLink,,,manual,,,
Agfa-Gevaert,Agfa-Gevaert,http://dbpedia.org/resource/Agfa-Gevaert,,auto,,,
Aidministrator,Aidministrator,,,manual,,,
"AIFB, Karlsruhe Institute of Technology","AIFB, University of KArlsruhe",,,auto,,,TRUE
"AIFB, University Karlsruhe","AIFB, University of KArlsruhe",,,"manual update",,,
"AIFB, University of Karlsruhe","AIFB, University of KArlsruhe",,,auto,,,
"Institute AIFB at University of Karlsruhe","AIFB, University of KArlsruhe",,,auto,,,
"Institute AIFB, University of Karlsruhe","AIFB, University of KArlsruhe",,,auto,,,
"Institute AIFB, Univ. of Karlsruhe","AIFB, University of KArlsruhe",,,auto,,,
"AKSW Group","AKSW Group",,,auto,,,
"Alcatel Lucent Bell Labs",Alcatel-Lucent,http://dbpedia.org/resource/Alcatel-Lucent,,auto,,,TRUE
"Aldo ventures","Aldo ventures",,,manual,,,
"American University of Beirut","American University of Beirut",http://dbpedia.org/resource/American_University_of_Beirut,,auto,,,TRUE
Annotea,Annotea,http://dbpedia.org/resource/Annotea,,auto,,,
AOARD,AOARD,,,manual,,,
Apelon,Apelon,,,manual,,,
"Arizona State University","Arizona State University",http://dbpedia.org/resource/Arizona_State_University,,auto,,,
ARO-FE,ARO-FE,,,manual,,,
"Asian Institute of Technology","Asian Institute of Technology",http://dbpedia.org/resource/Asian_Institute_of_Technology,,auto,,,
"Ask Jeeves","Ask Jeeves",,,"manual update",,,
"Aston University","Aston University",http://dbpedia.org/resource/Aston_University,,auto,,,TRUE
"Aston University, Birmingham","Aston University",http://dbpedia.org/resource/Aston_University,,auto,,,TRUE
"The University of Aston","Aston University",http://dbpedia.org/resource/Aston_University,,auto,,,TRUE
"Athens University of Economics","Athens University of Economics and Business",http://dbpedia.org/resource/Athens_University_of_Economics_and_Business,,auto,,,
"Athens University of Economics and Business","Athens University of Economics and Business",http://dbpedia.org/resource/Athens_University_of_Economics_and_Business,,auto,,,
"Atos Origin","Atos Origin",,,auto,,,
"ATR Intelligent Robotics and Communication Laboratories","ATR Intelligent Robotics and Communication Laboratories",,,auto,,,
AT&T,AT&T,http://dbpedia.org/resource/AT&T,,auto,,,
ABS,"Australian Bureau of Statistics",http://dbpedia.org/resource/Australian_Bureau_of_Statistics,,auto,,,
"Universidad Autónoma de Madrid","Autonomous University of Madrid",http://dbpedia.org/resource/Autonomous_University_of_Madrid,,auto,,,TRUE
BBC,BBC,http://dbpedia.org/resource/BBC,,auto,,,TRUE
"British Broadcasting Corporation",BBC,http://dbpedia.org/resource/BBC,,auto,,,TRUE
BBN,BBN,http://dbpedia.org/resource/BBN,,auto-disambiguates,,http://dbpedia.org/resource/Big_Bang_nucleosynthesis,
"Bolt, Beranek and Newman","BBN Technologies",http://dbpedia.org/resource/BBN_Technologies,,auto,,,
"Raytheon BBN Technologies","BBN Technologies",http://dbpedia.org/resource/BBN_Technologies,,auto,,,TRUE
BEA,"BEA Systems",http://dbpedia.org/resource/BEA_Systems,,auto,,,
Behaviorengine,Behaviorengine,,,manual,,,
"Beijing Normal Univeristy","Beijing Normal University",http://dbpedia.org/resource/Beijing_Normal_University,,auto,,,TRUE
"Bell Laboratories","Bell Labs",http://dbpedia.org/resource/Bell_Labs,,auto,,,
"Bell Laboratories","Bell Labs",http://dbpedia.org/resource/Bell_Labs,,auto,,,
"Bell Laboratories","Bell Labs",http://dbpedia.org/resource/Bell_Labs,,auto,,,
"Bell Labs","Bell Labs",http://dbpedia.org/resource/Bell_Labs,,auto,,,
"University of Bielefeld","Bielefeld University",http://dbpedia.org/resource/Bielefeld_University,,auto,,,TRUE
Biovista,Biovista,,,auto,,,
"Birzeit University","Birzeit University",http://dbpedia.org/resource/Birzeit_University,,auto,,,TRUE
Boeing,Boeing,http://dbpedia.org/resource/Boeing,,auto,,,
"The Boeing Company",Boeing,http://dbpedia.org/resource/Boeing,,auto,,,
"Bridgewater College","Bridgewater College",http://dbpedia.org/resource/Bridgewater_College,,auto,,,TRUE
"Brigham Young University","Brigham Young University",http://dbpedia.org/resource/Brigham_Young_University,,auto,,,
"British Telecom","BT Group",http://dbpedia.org/resource/BT_Group,,auto,,,
BT,"BT Group",http://dbpedia.org/resource/BT_Group,,auto,,,
"Bundeswehr University Munich","Bundeswehr University Munich",http://dbpedia.org/resource/Bundeswehr_University_Munich,,auto,,,TRUE
"University of Venice","Ca' Foscari University of Venice",http://dbpedia.org/resource/Ca'_Foscari_University_of_Venice,,auto,,,
"University of Venice","Ca' Foscari University of Venice",http://dbpedia.org/resource/Ca'_Foscari_University_of_Venice,,auto,,,
"University of Venice","Ca' Foscari University of Venice",http://dbpedia.org/resource/Ca'_Foscari_University_of_Venice,,auto,,,
CalTech,"California Institute of Technology",http://dbpedia.org/resource/California_Institute_of_Technology,,auto,,,
"Carleton University","Carleton University",http://dbpedia.org/resource/Carleton_University,,auto,,,TRUE
"Carnegie Mellon University","Carnegie Mellon University",http://dbpedia.org/resource/Carnegie_Mellon_University,,auto,,,
CMU,"Carnegie Mellon University",http://dbpedia.org/resource/Carnegie_Mellon_University,,manual,,,
CEFRIEL,CEFRIEL,,http://www.cefriel.com/,auto,,,
"Informatics and Telematics Institute, Thessaloniki",CERTH-ITI,,http://en.wikipedia.org/wiki/List_of_research_institutes_in_Greece,auto,,,
Cisco,"Cisco Systems",http://dbpedia.org/resource/Cisco_Systems,,auto,,,
"Claude Bernard University of Lyon 1","Claude Bernard University Lyon 1",http://dbpedia.org/resource/Claude_Bernard_University_Lyon_1,,auto,,,TRUE
CNAM,CNAM,http://dbpedia.org/resource/Conservatoire_National_des_Arts_et_M%C3%A9tiers,,auto,,,
CNAM-Paris,CNAM,http://dbpedia.org/resource/Conservatoire_National_des_Arts_et_M%C3%A9tiers,,auto,,,
"Conservatoire National des Arts et Métiers",CNAM,http://dbpedia.org/resource/Conservatoire_National_des_Arts_et_M%C3%A9tiers,,auto,,,
CNR,CNR,http://en.wikipedia.org/wiki/Consiglio_Nazionale_delle_Ricerche,,"manual update",,,
CognIT,CognIT,,,auto,,,
"Concordia University","Concordia University",http://dbpedia.org/resource/Concordia_University,,auto,,,TRUE
ConfMan,ConfMan,,,auto,,,
Connotate,Connotate,,,auto,,,
Connotate,Connotate,,,auto,,,
Consultant,Consultant,,,auto,,,
CONVERA,"Convera Corporation",http://dbpedia.org/resource/Convera_Corporation,,auto,,,
"Coolheads consulting","Coolheads Consulting",,,auto,,,
"Coolheads Consulting","Coolheads Consulting",,,manual,,,
"Corporate Research and Development Center, Toshiba","Corporate Research and Development Center, Toshiba",,,auto,,,
CREATE-NET,CREATE-NET,,,auto,,,
CSIRO,CSIRO,http://dbpedia.org/resource/Commonwealth_Scientific_and_Industrial_Research_Organisation,,auto,,,TRUE
"CSIRO ICT Centre","CSIRO ICT Centre",,,auto,,,
"CWI, Amsterdam",CWI,http://dbpedia.org/resource/Centrum_Wiskunde_&_Informatica,,auto,,,
"CWI/VU University Amsterdam",CWI,http://dbpedia.org/resource/Centrum_Wiskunde_&_Informatica,,auto,,,
"Czech Technical University in Prague","Czech Technical University in Prague",http://dbpedia.org/resource/Czech_Technical_University_in_Prague,,auto,,,TRUE
DaimlerChrysler,DaimlerChrysler,,,auto,,,
DAML,"DAML: DARPA Agent Markup Language Program",http://dbpedia.org/resource/DARPA_Agent_Markup_Language,,auto-disambiguates,,,
"DAML: DARPA Agent Markup Language Program","DAML: DARPA Agent Markup Language Program",http://dbpedia.org/resource/DARPA_Agent_Markup_Language,,auto,,,
DARPA,DARPA,http://dbpedia.org/resource/DARPA,,auto,,,
DARPA/IXO,DARPA/IXO,,,auto,,,
DataPop,"DataPop, Inc.",,,auto,,,
"TU Delft","Delft University of Technology",http://dbpedia.org/resource/Delft_University_of_Technology,,auto,,,TRUE
"The University of Illinois at Chicago","Department of Public Administration at the University of Illinois at Chicago",,,auto,,,
DERI,"DERI, Galway",http://dbpedia.org/resource/Digital_Enterprise_Research_Institute,,auto-disambiguates,,,
"DERI Galway","DERI, Galway",http://dbpedia.org/resource/Digital_Enterprise_Research_Institute,,auto,,,TRUE
"DERI, Galway","DERI, Galway",http://dbpedia.org/resource/Digital_Enterprise_Research_Institute,,auto,,,
"DERI, National University of Ireland","DERI, Galway",,,auto,,,TRUE
"DERI - National University of Ireland, Galway","DERI, Galway",http://dbpedia.org/resource/Digital_Enterprise_Research_Institute,,auto,,,
DERI/NUIG,"DERI, Galway",http://dbpedia.org/resource/Digital_Enterprise_Research_Institute,,auto,,,
"DERI/NUI Galway","DERI, Galway",http://dbpedia.org/resource/Digital_Enterprise_Research_Institute,,auto,,,TRUE
"DERI/NUI,, Galway","DERI, Galway",,,auto,,,TRUE
"Digital Enterprise Research Institute, Galway","DERI, Galway",http://dbpedia.org/resource/Digital_Enterprise_Research_Institute,,auto,,,
"Digital Enterprise Research Institute, National University of Ireland Galway","DERI, Galway",http://dbpedia.org/resource/Digital_Enterprise_Research_Institute,,auto,,,
"derivo GmbH","derivo GmbH",,,auto,,,
DFKI,DFKI,http://dbpedia.org/resource/German_Research_Centre_for_Artificial_Intelligence,,auto,,,
"DFKI GmbH",DFKI,http://dbpedia.org/resource/German_Research_Centre_for_Artificial_Intelligence,,auto,,,
"DFKI GmbH",DFKI,http://dbpedia.org/resource/German_Research_Centre_for_Artificial_Intelligence,,auto,,,
"DFKI GmbH",DFKI,http://dbpedia.org/resource/German_Research_Centre_for_Artificial_Intelligence,,auto,,,
"DFKI, Kaiserslautern",DFKI,http://dbpedia.org/resource/German_Research_Centre_for_Artificial_Intelligence,,auto,,,
DIP,DIP,,,auto-disambiguates,,,
"TU Dresden","Dresden University of Technology",http://dbpedia.org/resource/Dresden_University_of_Technology,,auto,,,TRUE
DSTC,DSTC,http://dbpedia.org/page/Distributed_Systems_Technology_Centre,,"manual update",,,
"Dublin City University","Dublin City University",http://dbpedia.org/resource/Dublin_City_University,,auto,,,
eBay,eBay,http://dbpedia.org/resource/EBay,,auto,,,TRUE
"Ecole Centrale Paris","École Centrale Paris",http://dbpedia.org/resource/%C3%89cole_centrale_Paris,,auto,,,TRUE
"École des Mines de Saint-Étienne","École Nationale Supérieure des Mines de Saint-Étienne",http://dbpedia.org/resource/%C3%89cole_Nationale_Sup%C3%A9rieure_des_Mines_de_Saint-%C3%89tienne,,auto,,,TRUE
"École Polytechnique Federale de Lausanne","École Polytechnique Fédérale de Lausanne",http://dbpedia.org/resource/%C3%89cole_Polytechnique_F%C3%A9d%C3%A9rale_de_Lausanne,,auto,,,
"Eindhoven University of Technology","Eindhoven University of Technology",http://dbpedia.org/resource/Eindhoven_University_of_Technology,,auto,,,
Elsevier,Elsevier,http://dbpedia.org/resource/Elsevier,,auto,,,
Empolis,Empolis,http://dbpedia.org/resource/Empolis,,auto,,,
"Enidata SpA","Enidata SpA",,,auto,,,
ENIGMATEC,Enigmatec,,,manual,,,
Enigmatec,Enigmatec,,,manual,,,
Enigmatect,Enigmatec,,,manual,,,
"ENTERPRISE IRELAND","Enterprise Ireland",http://dbpedia.org/resource/Enterprise_Ireland,,auto,,,
EPFL,EPFL,http://dbpedia.org/resource/%C3%89cole_Polytechnique_F%C3%A9d%C3%A9rale_de_Lausanne,,auto,,,
Epigraph,Epigraph,,,manual,,,
Esperonto,Esperonto,,,auto,,,
EU/IST,EU/IST,,,auto,,,
EURECOM,EURECOM,http://dbpedia.org/resource/Institut_Eur%C3%A9com,,auto,,,TRUE
"European Commission","European Commission",http://dbpedia.org/resource/European_Commission,,auto,,,
Exeura,Exeura,,,auto,,,
"FAO, Roma","FAO, Roma",http://en.wikipedia.org/wiki/Food_and_Agriculture_Organization,,manual,,,
"fluid Operations","Fluid Operations",,,auto,,,
"fluid Operations AG","Fluid Operations",,,auto,,,
"Fondazione Bruno Kessler","Fondazione Bruno Kessler",,,auto,,,
"CS-FORTH Crete",FORTH-ICS,,,auto,,,
FORTH,FORTH-ICS,,,auto,,,
"ICS FORTH",FORTH-ICS,,,auto,,,
ICS-FORTH,FORTH-ICS,,,"manual update",,,
"ICS-FORTH and University of Crete",FORTH-ICS,,,auto,,,
"ICS-FORTH & University of Crete",FORTH-ICS,,,"manual update",,,
"Institute of Computer Science",FORTH-ICS,,,auto,,,
"France Telecom","France Télécom",http://dbpedia.org/resource/France_T%C3%A9l%C3%A9com,,auto,,,
"France Télécom","France Télécom",http://dbpedia.org/resource/France_T%C3%A9l%C3%A9com,,auto,,,
"France Telecom R&D","France Télécom",http://dbpedia.org/resource/France_T%C3%A9l%C3%A9com,,auto,,,
"France telecom R&D","France Télécom",http://dbpedia.org/resource/France_T%C3%A9l%C3%A9com,,auto,,,
"Olin College","Franklin W. Olin College of Engineering",http://dbpedia.org/resource/Franklin_W._Olin_College_of_Engineering,,auto,,,
"Olin College of Engineering","Franklin W. Olin College of Engineering",http://dbpedia.org/resource/Franklin_W._Olin_College_of_Engineering,,auto,,,
"Fraunhofer Institute","Fraunhofer Institute",,,auto,,,
"Freelance Technologist","Freelance Technologist",,,auto,,,
"Freie Universitaet Berlin","Free University of Berlin",http://dbpedia.org/resource/Free_University_of_Berlin,,auto,,,TRUE
"Freie Universität Berlin","Free University of Berlin",http://dbpedia.org/resource/Free_University_of_Berlin,,auto,,,
"Free University of Bozen-Bolzano","Free University of Bozen-Bolzano",http://dbpedia.org/resource/Free_University_of_Bozen-Bolzano,,auto,,,
"Free Univ. of Bolzano","Free University of Bozen-Bolzano",http://dbpedia.org/resource/Free_University_of_Bozen-Bolzano,,auto,,,
"University Bolzano","Free University of Bozen-Bolzano",http://dbpedia.org/resource/Free_University_of_Bozen-Bolzano,,auto,,,
"Free University Of Brussels","Free University of Brussels",http://dbpedia.org/resource/Free_University_of_Brussels,,auto,,,
"University Brussels","Free University of Brussels",http://dbpedia.org/resource/Free_University_of_Brussels,,auto,,,
"French National Center for Scientific Research","French National Centre for Scientific Research",http://dbpedia.org/resource/French_National_Centre_for_Scientific_Research,,auto,,,
"FTW Telecommunications Research Center Vienna","FTW Telecommunications Research Center Vienna",,,auto,,,
Fujitsu,Fujitsu,http://dbpedia.org/resource/Fujitsu,,auto,,,
"Fujitsu Labs",Fujitsu,http://dbpedia.org/resource/Fujitsu,,auto,,,TRUE
"Fujitsu Ltd.",Fujitsu,http://dbpedia.org/resource/Fujitsu,,auto,,,
FZI,"FZI, University of Karlsruhe",http://dbpedia.org/resource/Forschungszentrum_Informatik,,auto,,,
FZI,"FZI, University of Karlsruhe",http://dbpedia.org/resource/Forschungszentrum_Informatik,,auto,,,
FZI,"FZI, University of Karlsruhe",,,auto,,,
"FZI at the University of Karlsruhe","FZI, University of Karlsruhe",http://dbpedia.org/resource/Forschungszentrum_Informatik,,auto,,,
"FZI Forschungszentrum Informatik","FZI, University of Karlsruhe",http://dbpedia.org/resource/Forschungszentrum_Informatik,,auto,,,
"FZI, University Karlsruhe","FZI, University of Karlsruhe",http://dbpedia.org/resource/Forschungszentrum_Informatik,,"manual update",,,
Gakken,Gakken,http://dbpedia.org/resource/Gakken,,auto,,,
"Galaxy Express","Galaxy Express",http://dbpedia.org/resource/Galaxy_Express_Corporation,,auto-disambiguates,,,
GE,"General Electric",http://dbpedia.org/resource/General_Electric,,auto,,,
"General Motors","General Motors",http://dbpedia.org/resource/General_Motors,,auto,,,
"George Mason University","George Mason University",http://dbpedia.org/resource/George_Mason_University,,auto,,,
"Georgia Tech","Georgia Institute of Technology",http://dbpedia.org/resource/Georgia_Institute_of_Technology,,auto,,,
"Ghent University","Ghent University",http://dbpedia.org/resource/Ghent_University,,auto,,,
"iMinds, Multimedia Lab, Ghent University","Ghent University",http://dbpedia.org/resource/Ghent_University,,auto,,,
Gnowsis.com,Gnowsis.com,,,auto,,,
"University of Frankfurt","Goethe University Frankfurt",http://dbpedia.org/resource/Goethe_University_Frankfurt,,auto,,,TRUE
Google,Google,http://dbpedia.org/resource/Google,,auto,,,
"Google Research",Google,http://dbpedia.org/resource/Google,,auto,,,
"Griffith University","Griffith University",http://dbpedia.org/resource/Griffith_University,,auto,,,
"Hasso-Plattner-Institut, Universität Potsdam","Hasso Plattner Institute",http://dbpedia.org/resource/Hasso_Plattner_Institute,,auto,,,
"Hawthorn technology","Hawthorn technology",,,manual,,,
"Hewlett Packard",Hewlett-Packard,http://dbpedia.org/resource/Hewlett-Packard,,auto,,,
Hewlett-Packard,Hewlett-Packard,http://dbpedia.org/resource/Hewlett-Packard,,auto,,,
"Hiroshima University","Hiroshima University",http://dbpedia.org/resource/Hiroshima_University,,auto,,,
Hitachi,Hitachi,http://dbpedia.org/resource/Hitachi,,auto,,,
"Hitachi Ltd.",Hitachi,http://dbpedia.org/resource/Hitachi,,auto,,,
"Systems Development Laboratory, Hitachi Ltd.","Hitachi Ltd.",http://dbpedia.org/resource/Hitachi,,auto,,,
"Hewlett Packard Laboratories","HP Labs",http://dbpedia.org/resource/HP_Labs,,auto,,,
"Hewlett-Packard Labs","HP Labs",http://dbpedia.org/resource/HP_Labs,,auto,,,
"Hewlett Packard Labs, Bristol","HP Labs",http://dbpedia.org/resource/HP_Labs,,auto,,,
"HP Laboratories, Bristol","HP Labs",http://dbpedia.org/resource/HP_Labs,,auto,,,
"HP Labs","HP Labs",http://dbpedia.org/resource/HP_Labs,,auto,,,
"HP Labs, Bristol","HP Labs",http://dbpedia.org/resource/HP_Labs,,auto,,,
"Humboldt University, Berlin","Humboldt University of Berlin",http://dbpedia.org/resource/Humboldt_University_of_Berlin,,auto,,,
IBM,IBM,http://dbpedia.org/resource/IBM,,auto,,,
"IBM China Research Laboratory","IBM China Research Laboratory",,,auto,,,
"IBM Research","IBM Research",http://dbpedia.org/resource/IBM_Research,,auto,,,
"IBM Tokyo Research Laboratory","IBM Research – Tokyo",http://dbpedia.org/resource/IBM_Research_%E2%80%93_Tokyo,,auto,,,
"IBM Research Laboratory, Rueschlikon","IBM Research - Zurich",,http://www.zurich.ibm.com/,auto,,,
"IBM T.J. Watson Research Center","IBM Thomas J. Watson Research Center",http://dbpedia.org/resource/Thomas_J._Watson_Research_Center,,auto,,,
"IBM Watson Research Center","IBM Thomas J. Watson Research Center",http://dbpedia.org/resource/Thomas_J._Watson_Research_Center,,auto,,,
"IDA IRELAND","IDA Ireland",http://dbpedia.org/resource/IDA_Ireland,,auto,,,
"IDT, UAB","IDT, UAB",,http://idt.uab.es/,auto,,,
"Florida Insitute for Human and Machine Cognition",IHMC,http://dbpedia.org/resource/Florida_Institute_for_Human_and_Machine_Cognition,,auto,,,
"Florida Institute for Human and Machine Cognition",IHMC,http://dbpedia.org/resource/Florida_Institute_for_Human_and_Machine_Cognition,,auto,,,
"Institute for Human and Machine Cognition",IHMC,,,auto,,,
IJS,IJS,,,auto,,,
ILOG,ILOG,http://dbpedia.org/resource/ILOG,,auto,,,
"Imperial College London","Imperial College London",http://dbpedia.org/resource/Imperial_College_London,,auto,,,
"Indiana University","Indiana University",http://dbpedia.org/resource/Indiana_University,,auto,,,
"Informatica Trentina","Informatica Trentina",,,auto,,,
"Information Extraction & Transport, Inc.","Information Extraction & Transport, Inc.",,,auto,,,
"Information Technology Media Laboratories, Fujitsu Laboratories","Information Technology Media Laboratories, Fujitsu Laboratories",,,auto,,,
INRIA,INRIA,http://dbpedia.org/resource/National_Institute_for_Research_in_Computer_Science_and_Control,,"manual update",,,
"INRIA Alpes","INRIA Rhône-Alpes",http://dbpedia.org/resource/National_Institute_for_Research_in_Computer_Science_and_Control,,auto,,,
"INRIA Rhone-Alpes","INRIA Rhône-Alpes",http://dbpedia.org/resource/National_Institute_for_Research_in_Computer_Science_and_Control,,auto,,,
"INRIA Rhône-Alpes","INRIA Rhône-Alpes",http://dbpedia.org/resource/National_Institute_for_Research_in_Computer_Science_and_Control,,auto,,,
"INRIA Rhône-Alpes","INRIA Rhône-Alpes",http://dbpedia.org/resource/National_Institute_for_Research_in_Computer_Science_and_Control,,"manual update",,,
"INRIA, Rhône-Alpes","INRIA Rhône-Alpes",http://dbpedia.org/resource/National_Institute_for_Research_in_Computer_Science_and_Control,,auto,,,
INSEE,INSEE,http://dbpedia.org/resource/INSEE,,auto,,,
"Institute for Infocomm Research","Institute for Infocomm Research",,,auto,,,
"Institute for Theoretical Computer Science","Institute for Theoretical Computer Science",http://dbpedia.org/resource/Institute_for_Theoretical_Computer_Science,,auto,,,
"Instituto Superior Técnico","Instituto Superior Técnico",http://dbpedia.org/resource/Instituto_Superior_T%C3%A9cnico,,auto,,,TRUE
INTAP,INTAP,,,auto,,,
"INTAP: Interoperability Technology Association for Information Processing","INTAP: Interoperability Technology Association for Information Processing",,,auto,,,
INTAP/NEC,INTAP/NEC,,,auto,,,
"Intelligent Software Components (iSOCO) S.A.","Intelligent Software Components (iSOCO) S.A.",,,auto,,,
"International University","International University in Germany",,http://de.wikipedia.org/wiki/International_University_in_Germany,"manual update",,,
Intersticia,Intersticia,,,auto,,,
IPGems,IPGems,,,auto,,,
"IRIN, University Nantes","IRIN, University of Nantes",,,"manual update",,,
"Information Sciences Institute,University of Southern California",ISI/USC,http://dbpedia.org/resource/Information_Sciences_Institute,,auto,,,
ISI,ISI/USC,http://dbpedia.org/resource/Information_Sciences_Institute,,auto-disambiguates,,http://dbpedia.org/resource/Institute_for_Scientific_Interchange,
"ISI, University of Southern California",ISI/USC,http://dbpedia.org/resource/Information_Sciences_Institute,,auto,,,
"USC Information Sciences Institute",ISI/USC,http://dbpedia.org/resource/Information_Sciences_Institute,,auto,,,
"USC ISI",ISI/USC,http://dbpedia.org/resource/Information_Sciences_Institute,,auto,,,
USC/ISI,ISI/USC,http://dbpedia.org/resource/Information_Sciences_Institute,,auto,,,
ISOCO,iSOCO,,http://www.isoco.com/home,auto,,,
iSOCO,iSOCO,,http://www.isoco.com/home,auto,,,
iSoco,iSOCO,,http://www.isoco.com/home,auto,,,
"iSOCO S.A.",iSOCO,,http://www.isoco.com/home,auto,,,
"iSOCO, Intelligent Software Components","iSOCO, Intelligent Software Components",,,auto,,,
CNR-ISTC,ISTC-CNR,,,auto,,,
ISTC-CNR,ISTC-CNR,,http://www.istc.cnr.it,auto,,,
"STLab (ISTC-CNR)",ISTC-CNR,,,auto,,,
"STLab, ISTC-CNR",ISTC-CNR,,,auto,,,
ISTI-CNR,ISTI-CNR,,,auto,,,
ISX,"ISX Corporation",,,"manual update",,,
ITC-IRST,ITC-IRST,,,auto,,,
"Japan Advanced Institute of Science","Japan Advanced Institute of Science and Technology",http://dbpedia.org/resource/Japan_Advanced_Institute_of_Science_and_Technology,,auto,,,
"Japan Advanced Institute of Science and Technology","Japan Advanced Institute of Science and Technology",http://dbpedia.org/resource/Japan_Advanced_Institute_of_Science_and_Technology,,auto,,,
"Joanneum Research, IIS","Joanneum Research, IIS",,,auto,,,
"Jönköping University","Jönköping University",http://dbpedia.org/resource/J%C3%B6nk%C3%B6ping_University_Foundation,,auto,,,TRUE
"Journal of Web Semantics","Journal of Web Semantics",http://dbpedia.org/resource/Journal_of_Web_Semantics,,auto,,,
"Jozef Stefan Institute","Jožef Stefan Institute",http://dbpedia.org/resource/Jo%C5%BEef_Stefan_Institute,,auto,,,
"Jožef Stefan Institute","Jožef Stefan Institute",http://dbpedia.org/resource/Jo%C5%BEef_Stefan_Institute,,auto,,,
"J. Stefan Institute","J. Stefan Institute",,,auto,,,
"Justsystem Corporation","Justsystem Corporation",,,auto,,,
"University Kaiserslautern","Kaiserslautern University of Technology",http://dbpedia.org/resource/Kaiserslautern_University_of_Technology,,auto,,,
"Kansai Univ.","Kansai University",http://dbpedia.org/resource/Kansai_University,,auto,,,
"Kansai University","Kansai University",http://dbpedia.org/resource/Kansai_University,,auto,,,
"Karlsruhe Institute of Technology","Karlsruhe Institute of Technology",http://dbpedia.org/resource/Karlsruhe_Institute_of_Technology,,auto,,,TRUE
"University Karlsruhe","Karlsruhe Institute of Technology",http://dbpedia.org/resource/Karlsruhe_Institute_of_Technology,,auto,,,
"University of Karlsruhe","Karlsruhe Institute of Technology",http://dbpedia.org/resource/Karlsruhe_Institute_of_Technology,,auto,,,
"Univ. Karlsruhe","Karlsruhe Institute of Technology",http://dbpedia.org/resource/Karlsruhe_Institute_of_Technology,,auto,,,
"Univ. Karlsruhe & Ontoprise GmbH","Karlsruhe Institute of Technology",http://dbpedia.org/resource/Karlsruhe_Institute_of_Technology,,auto,,,
"Karolinska Institutet","Karolinska Institutet",http://dbpedia.org/resource/Karolinska_Institutet,,auto,,,TRUE
"Katholieke Universiteit Leuven","Katholieke Universiteit Leuven",http://dbpedia.org/resource/Katholieke_Universiteit_Leuven,,auto,,,
"Keio University","Keio University",http://dbpedia.org/resource/Keio_University,,auto,,,
Kestrel,Kestrel,,,"manual update",,,
KMI,"KMi, The Open University",,,auto,,,TRUE
"KMi, The Open University","KMi, The Open University",,,auto,,,
"Knowledge Media Institute, The Open University","KMi, The Open University",,,auto,,,
"Kno.e.sis Center, Wright State University","Kno.e.sis Center, Wright State University",,,auto,,,
"Kno.e.sis Center,Wright State University","Kno.e.sis Center, Wright State University",,,auto,,,
Know-Center,Know-Center,,,auto,,,
"Knowledge Synergy","Knowledge Synergy",,,auto,,,
"KSL, Stanford University","Knowledge Systems Laboratory",http://dbpedia.org/resource/Knowledge_Systems_Laboratory,,auto,,,
"KSL/Stanford university","Knowledge Systems Laboratory",http://dbpedia.org/resource/Knowledge_Systems_Laboratory,,auto,,,
"Knowledge Ventures","Knowledge Ventures",,,auto,,,
KnowledgeWeb,"Knowledge Web",,,auto,,,
KISTI,"Korea Institute of Science & Technology Information (KISTI)",http://dbpedia.org/resource/Korea_Institute_of_Science_&_Technology_Information_(KISTI),,auto,,,
KTH,KTH,,,auto,,,
"Kwansei Gakuin University","Kwansei Gakuin University",http://dbpedia.org/resource/Kwansei_Gakuin_University,,auto,,,
"Kyoto Univeristy","Kyoto University",http://dbpedia.org/resource/Kyoto_University,,auto,,,
"Kyoto University","Kyoto University",http://dbpedia.org/resource/Kyoto_University,,auto,,,
"L3S and University of Hannover","L3S Research Center",,,auto,,,
"L3S Research Center","L3S Research Center",,,auto,,,
"Learning Lab, Univ. Hannover","L3S Research Center",,,auto,,,
LabSEB/CNR,LABSEB-CNR,,,"manual update",,,
LADSEB/CNR,LABSEB-CNR,,,"manual update",,,
"LADSEB-CNR, Padova",LABSEB-CNR,,,auto,,,
"Lancaster University","Lancaster University",http://dbpedia.org/resource/Lancaster_University,,auto,,,TRUE
"L and C","L and C",,,manual,,,
LastMileServices,LastMileServices,,,auto,,,
"University Laval","Laval University",http://dbpedia.org/resource/Universit%C3%A9_Laval,,auto,,,
"Lawrence Livermore National Labs","Lawrence Livermore National Laboratory",http://dbpedia.org/resource/Lawrence_Livermore_National_Laboratory,,auto,,,
"Lehigh University","Lehigh University",http://dbpedia.org/resource/Lehigh_University,,auto,,,
"Universität Leipzig","Leipzig University",http://dbpedia.org/resource/University_of_Leipzig,,auto,,,TRUE
"University Leipzig","Leipzig University",http://dbpedia.org/resource/University_of_Leipzig,,auto,,,
"University of Leipzig","Leipzig University",http://dbpedia.org/resource/University_of_Leipzig,,auto,,,
"LEKS/CNR Roma","LEKS/CNR Roma",,,auto,,,
Lingomotors,Lingomotors,,,manual,,,
"Linköping University","Linköping University",http://dbpedia.org/resource/Link%C3%B6ping_University,,auto,,,TRUE
"LISI, University Claude Bernard","LIRIS, Claude Bernard University Lyon 1",,https://fr.wikipedia.org/wiki/Laboratoire_d'informatique_en_image_et_syst%C3%A8mes_d'information,"manual update",,,
LMS,LMS,,,manual,,,
LOA-CNR,LOA-CNR,,,auto,,,
"London Borough of Camden","London Borough of Camden",http://dbpedia.org/resource/London_Borough_of_Camden,,auto,,,
LORIA,"LORIA, University of Nancy",,http://www.loria.fr/le-loria-1-en,manual,,,
"LORIA, University Nancy","LORIA, University of Nancy",,http://www.loria.fr/le-loria-1-en,manual,,,
LSIS-CNRS,LSIS-CNRS,,,auto,,,
Lucent,Lucent,http://dbpedia.org/resource/Lucent,,auto,,,
"Lucent Technologies",Lucent,http://dbpedia.org/resource/Lucent,,auto,,,
"University of Lyon 2","Lumière University Lyon 2",http://dbpedia.org/resource/Lumi%C3%A8re_University_Lyon_2,,auto,,,
"Macgregor Group","Macgregor Group",,,auto,,,
"Maebashi Institute of Technology","Maebashi Institute of Technology",http://dbpedia.org/resource/Maebashi_Institute_of_Technology,,auto,,,
"University “Magna Graecia” of Catanzaro","Magna Græcia University",http://dbpedia.org/resource/Magna_Gr%C3%A6cia_University,,auto,,,
"Universita Politecnica delle Marche","Marche Polytechnic University",http://dbpedia.org/resource/Marche_Polytechnic_University,,auto,,,TRUE
"Università Politecnica delle Marche","Marche Polytechnic University",http://dbpedia.org/resource/Marche_Polytechnic_University,,auto,,,TRUE
"Massachusetts General Hospital Biomedical Informatics Core","Massachusetts General Hospital",http://dbpedia.org/resource/Massachusetts_General_Hospital,,auto,,,TRUE
"Max Planck Institute for Informatics","Max Planck Institute for Computer Science",http://dbpedia.org/resource/Max_Planck_Institute_for_Computer_Science,,auto,,,TRUE
"Microsoft Research","Microsoft Research",http://dbpedia.org/resource/Microsoft_Research,,auto,,,
MIG-INRA,MIG-INRA,,,auto,,,
"Massachusetts Institute of Technology",MIT,http://dbpedia.org/resource/Massachusetts_Institute_of_Technology,,auto,,,
"Massachussets Institute of Technology",MIT,http://dbpedia.org/resource/Massachusetts_Institute_of_Technology,,auto,,,
MIT,MIT,http://dbpedia.org/resource/Massachusetts_Institute_of_Technology,,auto,,,
"MITRE Corporation","Mitre Corporation",http://dbpedia.org/resource/Mitre_Corporation,,auto,,,
"The MITRE Corporation","Mitre Corporation",http://dbpedia.org/resource/Mitre_Corporation,,auto,,,TRUE
"Mizogushi Lab, Osaka","Mizogushi Lab, Osaka",,,auto,,,
"MODUL University Vienna","MODUL University Vienna",,,auto,,,
"Monash University","Monash University",http://dbpedia.org/resource/Monash_University,,auto,,,TRUE
Mondeca,Mondeca,http://dbpedia.org/resource/Mondeca,,auto,,,
"Montpellier 2 University","Montpellier 2 University",http://dbpedia.org/resource/Montpellier_2_University,,auto,,,
"Universite Montpellier II","Montpellier 2 University",http://dbpedia.org/resource/Montpellier_2_University,,auto,,,
Motorola,Motorola,http://dbpedia.org/resource/Motorola,,auto,,,
"Nagoya University","Nagoya University",http://dbpedia.org/resource/Nagoya_University,,auto,,,
"Nanjing University","Nanjing University",http://dbpedia.org/resource/Nanjing_University,,auto,,,TRUE
NASA,NASA,http://dbpedia.org/resource/NASA,,auto,,,
"NASA Ames","NASA Ames Research Center",http://dbpedia.org/resource/Ames_Research_Center,,auto,,,
"National Institute of Advanced Industrial Science","National Institute of Advanced Industrial Science and Technology",http://dbpedia.org/resource/National_Institute_of_Advanced_Industrial_Science_and_Technology,,auto,,,
"National Institute of Advanced Industrial Science and Technology","National Institute of Advanced Industrial Science and Technology",http://dbpedia.org/resource/National_Institute_of_Advanced_Industrial_Science_and_Technology,,auto,,,
"National Institute for Informatics","National Institute of Informatics",http://dbpedia.org/resource/National_Institute_of_Informatics,,auto,,,
"National Institute of Informatics","National Institute of Informatics",http://dbpedia.org/resource/National_Institute_of_Informatics,,auto,,,
NII,"National Institute of Informatics (Japan)",http://dbpedia.org/resource/National_Institute_of_Informatics,,"manual update",,,
NIWA,"National Institute of Water and Atmospheric Research",http://dbpedia.org/resource/National_Institute_of_Water_and_Atmospheric_Research,,auto,,,
"National Library of Medicine","National Library of Medicine",http://dbpedia.org/resource/United_States_National_Library_of_Medicine,,auto,,,
NLM,"National Library of Medicine",http://dbpedia.org/resource/United_States_National_Library_of_Medicine,,"manual update",,,
"National Research Centre","National Research Centre",,,auto,,,
"National Research Council","National Research Council",http://dbpedia.org/resource/United_States_National_Research_Council,,auto-disambiguates,,,
"National Science Foundation","National Science Foundation",http://dbpedia.org/resource/National_Science_Foundation,,auto,,,
NSF,"National Science Foundation",http://dbpedia.org/resource/National_Science_Foundation,,auto,,,
"National Technical University of Athens","National Technical University of Athens",http://dbpedia.org/resource/National_Technical_University_of_Athens,,auto,,,
"National University of Ireland","National University of Ireland",http://dbpedia.org/resource/National_University_of_Ireland,,auto,,,
"National University of Ireland, Galway","National University of Ireland, Galway","http://dbpedia.org/resource/National_University_of_Ireland,_Galway",,auto,,,
"NCGIA, University Maine","NCGIA, University Maine",http://dbpedia.org/resource/National_Center_for_Geographic_Information_and_Analysis,,auto,,,
"NCRR, USA",NCRR,,,auto,,,
NEC,NEC,http://dbpedia.org/resource/NEC,,auto,,,
"NEC Corporation",NEC,http://dbpedia.org/resource/NEC,,auto,,,
Netscape,Netscape,http://dbpedia.org/resource/Netscape,,auto,,,
NetworkInference,"Network Inference",,,auto,,,
"Network Inference","Network Inference",,,auto,,,
"New York University","New York University",http://dbpedia.org/resource/New_York_University,,auto,,,
NIH,NIH,http://dbpedia.org/resource/National_Institutes_of_Health,,"manual update",,,
"Nihon Unisys,Ltd.","Nihon Unisys , Ltd.",,http://www.unisys.co.jp/welcome-e.html,auto,,,
"Nihon Unisys Software","Nihon Unisys , Ltd.",,http://www.unisys.co.jp/welcome-e.html,auto,,,
NIST,NIST,http://dbpedia.org/resource/National_Institute_of_Standards_and_Technology,,"manual update",,,
Nisus,"Nisus Inc.",,,"manual update",,,
"Nisus Inc.","Nisus Inc.",,,auto,,,
Nokia,Nokia,http://dbpedia.org/resource/Nokia,,auto,,,
NOKIA,Nokia,http://dbpedia.org/resource/Nokia,,auto,,,
"Nokia Services",Nokia,http://dbpedia.org/resource/Nokia,,auto,,,TRUE
"NOKIA Research","Nokia Research",,,auto,,,
"Nokia Research","Nokia Research",,,auto,,,
"Nokia Research Center","Nokia Research",,,auto,,,
"North Carolina State University","North Carolina State University",http://dbpedia.org/resource/North_Carolina_State_University,,auto,,,
"NTT Communication Science Laboratories",NTT,http://dbpedia.org/resource/NTT_Communications_Corp,,auto,,,
"NTT Corporation",NTT,http://dbpedia.org/resource/NTT_Communications_Corp,,auto,,,
"DoCoMo Euro labs","NTT DoCoMo",http://dbpedia.org/resource/NTT_DoCoMo,,auto,,,TRUE
"NTT DoCoMo","NTT DoCoMo",http://dbpedia.org/resource/NTT_DoCoMo,,auto,,,
"Oak Ridge National Laboratory","Oak Ridge National Laboratory",http://dbpedia.org/resource/Oak_Ridge_National_Laboratory,,auto,,,
OASIS,Oasis,,,auto,,,
"OCLC Research",OCLC,http://dbpedia.org/resource/Online_Computer_Library_Center,,auto,,,
"On To Knowkledge","On To Knowkledge",,,auto,,,
Ontopia,Ontopia,,,auto,,,
Ontoprise,"Ontoprise GmbH",,,auto,,,
"Ontoprise GmbH","Ontoprise GmbH",,,auto,,,
"Ontoprise GmbH","Ontoprise GmbH",,,auto,,,
"Ontoprise GmbH","Ontoprise GmbH",,,auto,,,
OntoText,Ontotext,http://dbpedia.org/resource/Ontotext,,auto,,,
Ontotext,Ontotext,http://dbpedia.org/resource/Ontotext,,auto,,,
OntoWeb,OntoWeb,,,auto,,,
"Ontoweb Network",OntoWeb,,,auto,,,
"OntoWeb: Ontology-based information exchange for knowledge management and electronic commerce",OntoWeb,,,auto,,,
OKI,"Open Knowledge Initiative",http://dbpedia.org/resource/Open_Knowledge_Initiative,,auto,,,
"OpenLink Software","OpenLink Software",http://dbpedia.org/resource/OpenLink_Software,,auto,,,TRUE
openRDF.org,openRDF.org,,,auto,,,
Oracle,Oracle,http://dbpedia.org/resource/Oracle,,auto,,,
"Oracle Corporation","Oracle Corporation",http://dbpedia.org/resource/Oracle_Corporation,,auto,,,TRUE
Oryon,Oryon,,,auto,,,
"Osaka University","Osaka University",http://dbpedia.org/resource/Osaka_University,,auto,,,
"Osaka University (LOC Chair)","Osaka University",http://dbpedia.org/resource/Osaka_University,,auto,,,
"The Institute of Scientific and Industrial Research, Osaka University","Osaka University",http://dbpedia.org/resource/Osaka_University,,auto,,,
"Packard Bell","Packard Bell",http://dbpedia.org/resource/Packard_Bell,,auto,,,
ParaBots,ParaBots,,,auto,,,
"University of Paris-Dauphine","Paris Dauphine University",http://dbpedia.org/resource/Paris_Dauphine_University,,auto,,,
"Partners HealthCare System, Inc.","Partners HealthCare System, Inc.",,,auto,,,
PeerIndex,PeerIndex,,,auto,,,TRUE
Philips,Philips,http://dbpedia.org/resource/Philips,,auto,,,
"Philips Research","Philips Research",,,auto,,,
"Politecnico di Milano","Politecnico di Milano",http://dbpedia.org/resource/Politecnico_di_Milano,,auto,,,
"Politecnico Milano","Politecnico di Milano",http://dbpedia.org/resource/Politecnico_di_Milano,,auto,,,
"Politecnico di Bari","Polytechnic University of Bari",http://dbpedia.org/resource/Polytechnic_University_of_Bari,,auto,,,
"Universitat Politecnica de Catalunya","Polytechnic University of Catalonia",http://dbpedia.org/resource/Polytechnic_University_of_Catalonia,,auto,,,
"Universitat Politècnica de Catalunya","Polytechnic University of Catalonia",http://dbpedia.org/resource/Polytechnic_University_of_Catalonia,,auto,,,
"University Pompeu Fabra","Pompeu Fabra University",http://dbpedia.org/resource/Pompeu_Fabra_University,,auto,,,
PUC-Rio,"Pontifical Catholic University of Rio de Janeiro",http://dbpedia.org/resource/Pontifical_Catholic_University_of_Rio_de_Janeiro,,auto,,,TRUE
Powermarket,Powermarket,,,manual,,,
Profium,Profium,,,"manual update",,,
"CRP Henri Tudor","Public Research Centre Henri Tudor",http://dbpedia.org/resource/Public_Research_Centre_Henri_Tudor,,auto,,,
"Qatar Computing Research Institute","Qatar Computing Research Institute",,,auto,,,TRUE
Qualcomm,Qualcomm,http://dbpedia.org/resource/Qualcomm,,auto,,,TRUE
"Qualcomm Technologies, Inc.",Qualcomm,http://dbpedia.org/resource/Qualcomm,,auto,,,TRUE
"Queen Mary University of London","Queen Mary, University of London","http://dbpedia.org/resource/Queen_Mary,_University_of_London",,auto,,,TRUE
"Queensland University of Technology","Queensland University of Technology",http://dbpedia.org/resource/Queensland_University_of_Technology,,auto,,,TRUE
"University of Nijmegen","Radboud University Nijmegen",http://dbpedia.org/resource/Radboud_University_Nijmegen,,auto,,,
Razorfish,Razorfish,http://dbpedia.org/resource/Razorfish_(company),,manual,,,
Recommind,Recommind,,,auto,,,TRUE
"Rensselaer Polytechnic Institute (RPI)","Rensselaer Polytechnic Institute",http://dbpedia.org/resource/Rensselaer_Polytechnic_Institute,,auto,,,TRUE
"USRA RIACS, NASA Ames Research Center","Research Institute for Advanced Computer Science",http://dbpedia.org/resource/Research_Institute_for_Advanced_Computer_Science,,auto,,,
"Residencia de Estudiantes","Residencia de Estudiantes",http://dbpedia.org/resource/Residencia_de_Estudiantes,,auto,,,
"Università Roma Tre","Roma Tre University",http://dbpedia.org/resource/Roma_Tre_University,,auto,,,
"Royal Institute of Technology","Royal Institute of Technology",http://dbpedia.org/resource/Royal_Institute_of_Technology,,auto,,,
"Royal Military College of Canada","Royal Military College of Canada",http://dbpedia.org/resource/Royal_Military_College_of_Canada,,auto,,,TRUE
"Rutgers University","Rutgers University",http://dbpedia.org/resource/Rutgers_University,,auto,,,
"RWTH Aachen","RWTH Aachen University",http://dbpedia.org/resource/RWTH_Aachen_University,,auto,,,
"Saarland University","Saarland University",http://dbpedia.org/resource/Saarland_University,,auto,,,
"Saarland University","Saarland University",http://dbpedia.org/resource/Saarland_University,,auto,,,
"Saarland University","Saarland University",http://dbpedia.org/resource/Saarland_University,,auto,,,
"University of Saarland","Saarland University",http://dbpedia.org/resource/Saarland_University,,auto,,,
"Samsung Electronics","Samsung Electronics",http://dbpedia.org/resource/Samsung_Electronics,,auto,,,TRUE
"Samsung Information System America","Samsung Information System America",,,auto,,,TRUE
Sandpiper,"Sandpiper software",,,manual,,,
"Sandpiper software","Sandpiper software",,,auto,,,
"San Jose Mercury News","San Jose Mercury News",http://dbpedia.org/resource/San_Jose_Mercury_News,,auto,,,
SAP,SAP,,,auto,,,
"DIS, Sapienza Universita' di Roma","Sapienza University of Rome",http://dbpedia.org/resource/Sapienza_University_of_Rome,,auto,,,
"University of Rome","Sapienza University of Rome",http://dbpedia.org/resource/Sapienza_University_of_Rome,,auto-disambiguates,,,
"University of Rome ""La Sapienza""","Sapienza University of Rome",http://dbpedia.org/resource/Sapienza_University_of_Rome,,auto,,,
"University of Rome “La Sapienza”","Sapienza University of Rome",http://dbpedia.org/resource/Sapienza_University_of_Rome,,auto,,,
"University Roma I","Sapienza University of Rome",http://dbpedia.org/resource/Sapienza_University_of_Rome,,auto,,,
SC4,SC4,,,auto,,,
SDForum,SDForum,,,auto,,,
"seevl.net MDG Web ltd","seevl.net, MDG Web ltd",,,auto,,,
"seevl.net, MDG Web ltd","seevl.net, MDG Web ltd",,,auto,,,
"SEKT project","SEKT project",,,auto,,,
"Semafor Systems","Semafor Systems",,,auto,,,
Semagix,Semagix,,,auto,,,
"Semantic Arts, Inc.","Semantic Arts, Inc.",,,auto,,,
"Semantic Web Enabled Web Services","Semantic Web Enabled Web Services",,,auto,,,
"Seoul National University","Seoul National University",http://dbpedia.org/resource/Seoul_National_University,,auto,,,TRUE
"Shanghai Jiao Tong University","Shanghai Jiao Tong University",http://dbpedia.org/resource/Shanghai_Jiao_Tong_University,,auto,,,TRUE
Siderean,"Siderean Software",,,auto,,,
"Siderean Software","Siderean Software",,,auto,,,
"Siemens AG Österreich",Siemens,http://dbpedia.org/resource/Siemens,,auto,,,TRUE
"Universidad Simon Bolivar","Simón Bolívar University",http://dbpedia.org/resource/Sim%C3%B3n_Bol%C3%ADvar_University,,auto,,,TRUE
"Universidad Simon Bolivar, Dept. Computer Science","Simón Bolívar University",http://dbpedia.org/resource/Simón_Bolívar_University,,auto,,,
SIRMA,"Sirma AI, Ltd.",,,auto,,,
"Sirma AI, Ltd.","Sirma AI, Ltd.",,,auto,,,
"SMI, Stanford University","SMI, Stanford University",,,manual,,,
Sony,Sony,http://dbpedia.org/resource/Sony,,auto,,,
"Southeast University","Southeast University",http://dbpedia.org/resource/Southeast_University,,auto,,,TRUE
"Spanish Research Council","Spanish National Research Council",http://dbpedia.org/resource/Spanish_National_Research_Council,,auto,,,
SpiritSoft,Spirit-Soft,,,auto,,,
Spirit-Soft,Spirit-Soft,,,manual,,,
Springer,Springer,http://dbpedia.org/resource/Springer_Publishing,,auto,,,
Sprint,Sprint,http://dbpedia.org/resource/Sprint_Nextel,,"manual update",,,
SRI,"SRI International",http://dbpedia.org/resource/SRI_International,,"manual update",,,
"SRI International","SRI International",http://dbpedia.org/resource/SRI_International,,auto,,,
"CS, Stanford University","Stanford University",http://dbpedia.org/resource/Stanford_University,,"manual update",,,
"DB, Stanford University","Stanford University",http://dbpedia.org/resource/Stanford_University,,"manual update",,,
Stanford,"Stanford University",http://dbpedia.org/resource/Stanford_University,,auto,,,
"Stanford Univ.","Stanford University",http://dbpedia.org/resource/Stanford_University,,auto,,,
"Stanford University","Stanford University",http://dbpedia.org/resource/Stanford_University,,auto,,,
"Stanford university","Stanford University",http://dbpedia.org/resource/Stanford_University,,auto,,,
"Stanford, University","Stanford University",http://dbpedia.org/resource/Stanford_University,,auto,,,
"STI International","STI International",,,auto,,,TRUE
"Stokholm University","Stockholm University",http://dbpedia.org/resource/Stockholm_University,,"manual update",,,
"Storm Technology","Storm Technology",,,auto,,,
"SUNY - Buffalo","SUNY - Buffalo","http://dbpedia.org/resource/University_at_Buffalo,_The_State_University_of_New_York",,auto,,,
"University of Wales Swansea","Swansea University",http://dbpedia.org/resource/Swansea_University,,auto,,,
SWAP,"SWAP project",,,auto-disambiguates,,,
"SWAP project","SWAP project",,,auto,,,
"Swiss Institute of Bioinformatics","Swiss Institute of Bioinformatics",http://dbpedia.org/resource/Swiss_Institute_of_Bioinformatics,,auto,,,
"Taalee Inc","Taalee Inc",,,manual,,,
"Technical University of Munich","Technical University Munich",http://dbpedia.org/resource/Technical_University_Munich,,auto,,,
"Technical University of Crete","Technical University of Crete",http://dbpedia.org/resource/Technical_University_of_Crete,,auto,,,
"Ontology Group, Departamento de Inteligencia Artificial at Universidad Politécnica de Madrid","Technical University of Madrid",http://dbpedia.org/resource/Universidad_Politécnica_de_Madrid,,auto,,,
"Polytechnic University of Madrid","Technical University of Madrid",http://dbpedia.org/resource/Technical_University_of_Madrid,,auto,,,
"Universidad Politecnica de Madrid","Technical University of Madrid",http://dbpedia.org/resource/Technical_University_of_Madrid,,auto,,,
"Universidad Politécnica de Madrid","Technical University of Madrid",http://dbpedia.org/resource/Technical_University_of_Madrid,,auto,,,TRUE
"Universidad Politecnica de Madrid(UPM)","Technical University of Madrid",http://dbpedia.org/resource/Technical_University_of_Madrid,,auto,,,
UPM,"Technical University of Madrid",http://dbpedia.org/resource/Universidad_Politécnica_de_Madrid,,auto-disambiguates,,,
Technion,"Technion – Israel Institute of Technology",http://dbpedia.org/resource/Technion,,auto,,,
"Technische Universität Darmstadt","Technische Universität Darmstadt",http://dbpedia.org/resource/Technische_Universit%C3%A4t_Darmstadt,,auto,,,TRUE
"TU Darmstadt","Technische Universität Darmstadt",http://dbpedia.org/resource/Technische_Universit%C3%A4t_Darmstadt,,auto,,,TRUE
"TU Ilmenau","Technische Universität Ilmenau",http://dbpedia.org/resource/Technische_Universit%C3%A4t_Ilmenau,,auto,,,TRUE
"Technologia, Informacion y Finanzas","Technologia, Informacion y Finanzas",,,auto,,,
Tecknowledge,Tecknowledge,,,manual,,,
Teknowledge,Tecknowledge,,,auto,,,
Telcordia,"Telcordia Technologies",http://dbpedia.org/resource/Telcordia_Technologies,,auto,,,
"Temple University","Temple University",http://dbpedia.org/resource/Temple_University,,auto,,,
"Temple University","Temple University",http://dbpedia.org/resource/Temple_University,,auto,,,
"Temple University","Temple University",http://dbpedia.org/resource/Temple_University,,auto,,,
"Thammasat University","Thammasat University",http://dbpedia.org/resource/Thammasat_University,,auto,,,TRUE
"Open University","The Open University",http://dbpedia.org/resource/Open_University,,"manual update",,,
"The Open University","The Open University",http://dbpedia.org/resource/Open_University,,auto,,,
"TNO, Netherlands","TNO, Netherlands",,http://www.tno.nl/,auto,,,
"Tokyo Institute of Technology","Tokyo Institute of Technology",http://dbpedia.org/resource/Tokyo_Institute_of_Technology,,auto,,,
TopQuadrant,"TopQuadrant Inc.",,,auto,,,
"TopQuadrant Inc.","TopQuadrant Inc.",,,auto,,,
Toshiba,Toshiba,http://dbpedia.org/resource/Toshiba,,auto,,,
Toyota,Toyota,http://dbpedia.org/resource/Toyota,,auto,,,
"Toyota Motor Corporation (Auditor)",Toyota,http://dbpedia.org/resource/Toyota,,auto,,,
"Tsinghua University","Tsinghua University",http://dbpedia.org/resource/Tsinghua_University,,auto,,,TRUE
UIUC,UIUC,http://dbpedia.org/resource/University_of_Illinois_at_Urbana%E2%80%93Champaign,,auto,,,
"University of Illinois at Urbana - Champaign",UIUC,http://dbpedia.org/resource/University_of_Illinois_at_Urbana%E2%80%93Champaign,,auto,,,
"University of Illinois at Urbana-Champaign",UIUC,http://dbpedia.org/resource/University_of_Illinois_at_Urbana%E2%80%93Champaign,,auto,,,
"United States Naval Academy","United States Naval Academy",http://dbpedia.org/resource/United_States_Naval_Academy,,auto,,,
"Federal University of Espirito Santo","Universidade Federal do Espírito Santo",,,auto,,,
"University of Namur","Université de Namur",,,auto,,,
"University Lyon 1, LIRIS-CNRS","University Lyon 1, LIRIS-CNRS",,,auto,,,
"University of Aberdeen","University of Aberdeen",http://dbpedia.org/resource/University_of_Aberdeen,,auto,,,
"University of Alberta","University of Alberta",http://dbpedia.org/resource/University_of_Alberta,,auto,,,TRUE
"University Amsterdam","University of Amsterdam",http://dbpedia.org/resource/University_of_Amsterdam,,auto,,,
"University of Amsterdam","University of Amsterdam",http://dbpedia.org/resource/University_of_Amsterdam,,auto,,,
"University of Applied Science Northweastern Switzerland","University of Applied Science Northweastern Switzerland",,,auto,,,
"University of Applied Sciences Northwestern Switzerland","University of Applied Sciences Northwestern Switzerland",,,auto,,,
"University of Arizona","University of Arizona",http://dbpedia.org/resource/University_of_Arizona,,auto,,,
"The University of Auckland","University of Auckland",http://dbpedia.org/resource/University_of_Auckland,,auto,,,TRUE
"University of Bari","University of Bari",http://dbpedia.org/resource/University_of_Bari,,auto,,,TRUE
"University of Bergen","University of Bergen",http://dbpedia.org/resource/University_of_Bergen,,auto,,,
"University of Birmingham","University of Birmingham",http://dbpedia.org/resource/University_of_Birmingham,,auto,,,TRUE
"Universitat Bremen TZI","University of Bremen",http://dbpedia.org/resource/University_of_Bremen,,auto,,,
"University of Bremen","University of Bremen",http://dbpedia.org/resource/University_of_Bremen,,auto,,,
Universit`,"University of Brescia",http://dbpedia.org/resource/University_of_Brescia,,auto,,,
"Bristol University","University of Bristol",http://dbpedia.org/resource/University_of_Bristol,,auto,,,
"University of Bristol","University of Bristol",http://dbpedia.org/resource/University_of_Bristol,,auto,,,
"Universitá di Cagliari","University of Cagliari",http://dbpedia.org/resource/University_of_Cagliari,,auto,,,
"University of Caggliari","University of Cagliari",http://dbpedia.org/resource/University_of_Cagliari,,auto,,,
Berkeley,"University of California, Berkeley","http://dbpedia.org/resource/University_of_California,_Berkeley",,auto-disambiguates,,,
"University of California, Irvine","University of California, Irvine","http://dbpedia.org/resource/University_of_California,_Irvine",,auto,,,
"University of California, Los Angeles","University of California, Los Angeles","http://dbpedia.org/resource/University_of_California,_Los_Angeles",,auto,,,
"University of California, San Diego","University of California, San Diego","http://dbpedia.org/resource/University_of_California,_San_Diego",,auto,,,
UCSB,"University of California, Santa Barbara","http://dbpedia.org/resource/University_of_California,_Santa_Barbara",,auto,,,TRUE
"University of California, Santa Barbara","University of California, Santa Barbara","http://dbpedia.org/resource/University_of_California,_Santa_Barbara",,auto,,,TRUE
"University of Cambridge","University of Cambridge",http://dbpedia.org/resource/University_of_Cambridge,,auto,,,TRUE
"University of Central Florida","University of Central Florida",http://dbpedia.org/resource/University_of_Central_Florida,,auto,,,
"University of Colorado","University of Colorado",http://dbpedia.org/resource/University_of_Colorado,,auto,,,
"University of Connecticut","University of Connecticut",http://dbpedia.org/resource/University_of_Connecticut,,auto,,,
"University of Crete","University of Crete",http://dbpedia.org/resource/University_of_Crete,,auto,,,
"University of Cyprus","University of Cyprus",http://dbpedia.org/resource/University_of_Cyprus,,auto,,,
"University of Delaware","University of Delaware",http://dbpedia.org/resource/University_of_Delaware,,auto,,,
"University of Dublin","University of Dublin",http://dbpedia.org/resource/University_of_Dublin,,auto,,,
"University Essen","University of Duisburg-Essen",http://dbpedia.org/resource/University_of_Duisburg-Essen,,auto,,,
"University of Economics","University of Economics","http://dbpedia.org/resource/University_of_Economics,_Prague",,auto,,,TRUE
"University of Freiburg","University of Freiburg",http://dbpedia.org/resource/University_of_Freiburg,,auto,,,
"Univ. Freiburg","University of Freiburg",http://dbpedia.org/resource/University_of_Freiburg,,auto,,,
"University of Fribourg","University of Fribourg",http://dbpedia.org/resource/University_of_Fribourg,,auto,,,TRUE
"University Georgia","University of Georgia",http://dbpedia.org/resource/University_of_Georgia,,auto,,,
"University of Georgia","University of Georgia",http://dbpedia.org/resource/University_of_Georgia,,auto,,,
"University of Georgia and Taalee Inc","University of Georgia",http://dbpedia.org/resource/University_of_Georgia,,auto,,,
"Graz University of Technology","University of Graz",http://dbpedia.org/resource/University_of_Graz,,auto,,,TRUE
"University Hannover","University of Hanover",http://dbpedia.org/resource/University_of_Hanover,,auto,,,
"University of Hannover","University of Hanover",http://dbpedia.org/resource/University_of_Hanover,,auto,,,
"University Illinois at Chicago","University of Illinois at Chicago",http://dbpedia.org/resource/University_of_Illinois_at_Chicago,,auto,,,
"University of Illinois at Chicago","University of Illinois at Chicago",http://dbpedia.org/resource/University_of_Illinois_at_Chicago,,auto,,,
"University of Illinois, Chicago","University of Illinois at Chicago",http://dbpedia.org/resource/University_of_Illinois_at_Chicago,,auto,,,
"University of Innsbruck","University of Innsbruck",http://dbpedia.org/resource/University_of_Innsbruck,,auto,,,
"Univ. Innsbruck","University of Innsbruck",http://dbpedia.org/resource/University_of_Innsbruck,,auto,,,
"University of Ioannina","University of Ioannina",http://dbpedia.org/resource/University_of_Ioannina,,auto,,,
"University of Kassel","University of Kassel",http://dbpedia.org/resource/University_of_Kassel,,auto,,,
"University of Koblenz","University of Koblenz and Landau",http://dbpedia.org/resource/University_of_Koblenz_and_Landau,,auto,,,
"University of Koblenz-Landau","University of Koblenz and Landau",http://dbpedia.org/resource/University_of_Koblenz_and_Landau,,auto,,,TRUE
"Univeristy of Lausanne","University of Lausanne",http://dbpedia.org/resource/University_of_Lausanne,,auto,,,
"Leeds University","University of Leeds",http://dbpedia.org/resource/University_of_Leeds,,auto,,,
"University of Liverpool","University of Liverpool",http://dbpedia.org/resource/University_of_Liverpool,,auto,,,
"Univ. Liverpool","University of Liverpool",http://dbpedia.org/resource/University_of_Liverpool,,auto,,,
"University of Louvain","University of Louvain",,,auto,,,
"University of Lyon","University of Lyon",http://dbpedia.org/resource/University_of_Lyon,,auto,,,
"Univ. Lyon","University of Lyon",http://dbpedia.org/resource/University_of_Lyon,,auto,,,
"University of Lyon 1, LIRIS-CNRS","University of Lyon 1, LIRIS-CNRS",,,auto,,,
"University of Madeira","University of Madeira",http://dbpedia.org/resource/University_of_Madeira,,auto,,,
"University of Maine","University of Maine",http://dbpedia.org/resource/University_of_Maine,,auto,,,
"Manchester University","University of Manchester",http://dbpedia.org/resource/University_of_Manchester,,auto,,,
"The University of Manchester","University of Manchester",http://dbpedia.org/resource/University_of_Manchester,,auto,,,TRUE
"University of Manchester","University of Manchester",http://dbpedia.org/resource/University_of_Manchester,,auto,,,
"University of M anchester","University of Manchester",http://dbpedia.org/resource/University_of_Manchester,,"manual update",,,
"University of Mannheim","University of Mannheim",http://dbpedia.org/resource/University_of_Mannheim,,auto,,,TRUE
UMBC,"University of Maryland, Baltimore County","http://dbpedia.org/resource/University_of_Maryland,_Baltimore_County",,auto,,,
"University Maryland Baltimore County","University of Maryland, Baltimore County","http://dbpedia.org/resource/University_of_Maryland,_Baltimore_County",,auto,,,
"University of Maryland Baltimore County","University of Maryland, Baltimore County","http://dbpedia.org/resource/University_of_Maryland,_Baltimore_County",,auto,,,
"University of Maryland-Baltimore County","University of Maryland, Baltimore County","http://dbpedia.org/resource/University_of_Maryland,_Baltimore_County",,auto,,,
"University of Maryland, Baltimore County","University of Maryland, Baltimore County","http://dbpedia.org/resource/University_of_Maryland,_Baltimore_County",,auto,,,
"University of Maryland,Baltimore County","University of Maryland, Baltimore County","http://dbpedia.org/resource/University_of_Maryland,_Baltimore_County",,auto,,,TRUE
"University Maryland","University of Maryland, College Park","http://dbpedia.org/resource/University_of_Maryland,_College_Park",,auto,,,
"University of Maryland","University of Maryland, College Park","http://dbpedia.org/resource/University_of_Maryland,_College_Park",,auto,,,
"University of Maryland College Park","University of Maryland, College Park","http://dbpedia.org/resource/University_of_Maryland,_College_Park",,auto,,,
"University of Milano-Bicocca","University of Milan Bicocca",,,auto,,,
"University of Minnesota","University of Minnesota",http://dbpedia.org/resource/University_of_Minnesota,,auto,,,
"University of Modena","University of Modena and Reggio Emilia",http://dbpedia.org/resource/University_of_Modena_and_Reggio_Emilia,,auto,,,
"LIRMM, University of Montpellier","University of Montpellier",http://dbpedia.org/resource/University_of_Montpellier,,auto,,,
"Institute for Informatics, University of Munich","University of Munich",http://dbpedia.org/resource/Ludwig_Maximilian_University_of_Munich,,auto,,,
"Ludwig Maximilian University of Munich","University of Munich",http://dbpedia.org/resource/Ludwig_Maximilian_University_of_Munich,,auto,,,
"University of Muenster","University of Münster",http://dbpedia.org/resource/University_of_M%C3%BCnster,,auto,,,
"University of Münster","University of Münster",http://dbpedia.org/resource/University_of_M%C3%BCnster,,auto,,,TRUE
"The University of New South Wales","University of New South Wales",http://dbpedia.org/resource/University_of_New_South_Wales,,auto,,,TRUE
"University New South Wales","University of New South Wales",http://dbpedia.org/resource/University_of_New_South_Wales,,auto,,,
"University of North Carolina","University of North Carolina",http://dbpedia.org/resource/University_of_North_Carolina,,auto,,,
"University of Orsay","University of Orsay",,,auto,,,
"University of Orsay – LRI","University of Orsay",,,auto,,,
"Univ. Orsay","University of Orsay",,,auto,,,
"Univ. Orsay - LRI","University of Orsay",,,auto,,,
"University of Otago","University of Otago",http://dbpedia.org/resource/University_of_Otago,,auto,,,
"University of Oviedo","University of Oviedo",http://dbpedia.org/resource/University_of_Oviedo,,auto,,,TRUE
"University of Oxford","University of Oxford",http://dbpedia.org/resource/University_of_Oxford,,auto,,,TRUE
"University of Passau","University of Passau",http://dbpedia.org/resource/University_of_Passau,,auto,,,
"University of Pennsylvania","University of Pennsylvania",http://dbpedia.org/resource/University_of_Pennsylvania,,auto,,,
"University of Potsdam","University of Potsdam",http://dbpedia.org/resource/University_of_Potsdam,,auto,,,TRUE
"School of ITEE, The University of Queensland","University of Queensland",http://dbpedia.org/resource/University_of_Queensland,,auto,,,TRUE
"The University of Queensland","University of Queensland",http://dbpedia.org/resource/University_of_Queensland,,auto,,,TRUE
"University of Queensland","University of Queensland",http://dbpedia.org/resource/University_of_Queensland,,auto,,,
"University Queensland","University of Queensland",http://dbpedia.org/resource/University_of_Queensland,,auto,,,
"University of Regina","University of Regina",http://dbpedia.org/resource/University_of_Regina,,auto,,,
"University of Rennes","University of Rennes",http://dbpedia.org/resource/University_of_Rennes,,auto,,,
"University Salerne","University of Salerno",http://dbpedia.org/resource/University_of_Salerno,,"manual update",,,
"University of Sheffield","University of Sheffield",http://dbpedia.org/resource/University_of_Sheffield,,auto,,,
"Univ. Sheffield","University of Sheffield",http://dbpedia.org/resource/University_of_Sheffield,,auto,,,
"Southampton University","University of Southampton",http://dbpedia.org/resource/University_of_Southampton,,auto,,,
"University of Southampton","University of Southampton",http://dbpedia.org/resource/University_of_Southampton,,auto,,,
"University of South Carolina","University of South Carolina",http://dbpedia.org/resource/University_of_South_Carolina,,auto,,,
"University of Southern California","University of Southern California",http://dbpedia.org/resource/University_of_Southern_California,,auto,,,
"University Southern California","University of Southern California",http://dbpedia.org/resource/University_of_Southern_California,,auto,,,
"University of Surrey","University of Surrey",http://dbpedia.org/resource/University_of_Surrey,,auto,,,TRUE
UTS,"University of Technology, Sydney","http://dbpedia.org/resource/University_of_Technology,_Sydney",,auto,,,TRUE
"Department of Computer Sciences, The University of Texas at Austin","University of Texas at Austin",,,auto,,,TRUE
"The University of Texas at Austin","University of Texas at Austin",http://dbpedia.org/resource/University_of_Texas_at_Austin,,auto,,,TRUE
"University of Texas at Austin","University of Texas at Austin",http://dbpedia.org/resource/University_of_Texas_at_Austin,,auto,,,TRUE
"University of Tokyo","University of Tokyo",http://dbpedia.org/resource/University_of_Tokyo,,auto,,,
"University of Toronto","University of Toronto",http://dbpedia.org/resource/University_of_Toronto,,auto,,,
"DISI, University of Trento","University of Trento",http://dbpedia.org/resource/University_of_Trento,,auto,,,
"University of Trento","University of Trento",http://dbpedia.org/resource/University_of_Trento,,auto,,,
"Univ. Trento","University of Trento",http://dbpedia.org/resource/University_of_Trento,,auto,,,
"Tsukuba University","University of Tsukuba",http://dbpedia.org/resource/University_of_Tsukuba,,auto,,,
"University of Udine","University of Udine",http://dbpedia.org/resource/University_of_Udine,,auto,,,
"Universität Ulm","University of Ulm",http://dbpedia.org/resource/University_of_Ulm,,auto,,,TRUE
"University of Ulm","University of Ulm",http://dbpedia.org/resource/University_of_Ulm,,auto,,,TRUE
"University of Victoria, British Columbia","University of Victoria",http://dbpedia.org/resource/University_of_Victoria,,auto,,,TRUE
"Instituite of Mathematics Warsaw University","University of Warsaw",http://dbpedia.org/resource/University_of_Warsaw,,auto,,,
"Institute of Mathematics, Warsaw University","University of Warsaw",http://dbpedia.org/resource/University_of_Warsaw,,auto,,,
"University of Washington","University of Washington",http://dbpedia.org/resource/University_of_Washington,,auto,,,
"University Washington","University of Washington",http://dbpedia.org/resource/University_of_Washington,,"manual update",,,
"Univ. Washington","University of Washington",http://dbpedia.org/resource/University_of_Washington,,auto,,,
"University of Waterloo","University of Waterloo",http://dbpedia.org/resource/University_of_Waterloo,,auto,,,TRUE
"University of Western Sydney","University of Western Sydney",http://dbpedia.org/resource/University_of_Western_Sydney,,auto,,,TRUE
"University of West Florida","University of West Florida",http://dbpedia.org/resource/University_of_West_Florida,,auto,,,
"University Western Florida","University of West Florida",http://dbpedia.org/resource/University_of_West_Florida,,"manual update",,,
"The University of Wollongong","University of Wollongong",http://dbpedia.org/resource/University_of_Wollongong,,auto,,,TRUE
"University of Wuerzburg","University of Würzburg",http://dbpedia.org/resource/University_of_W%C3%BCrzburg,,auto,,,TRUE
"University Würzburg","University of Würzburg",http://dbpedia.org/resource/University_of_W%C3%BCrzburg,,auto,,,
"The University of York, UK","University of York",http://dbpedia.org/resource/University_of_York,,auto,,,
"University of Zaragoza","University of Zaragoza",http://dbpedia.org/resource/University_of_Zaragoza,,auto,,,TRUE
"University of Zurich","University of Zurich",http://dbpedia.org/resource/University_of_Zurich,,auto,,,
"Vassar College","Vassar College",http://dbpedia.org/resource/Vassar_College,,auto,,,
Verticalnet,VerticalNet,http://dbpedia.org/resource/VerticalNet,,auto,,,
VerticalNet,VerticalNet,http://dbpedia.org/resource/VerticalNet,,auto,,,
"Vertical Search Works","Vertical Search Works",,,auto,,,TRUE
"Vienna University of Technology","Vienna University of Technology",http://dbpedia.org/resource/Vienna_University_of_Technology,,auto,,,
"Visual Interaction and Communications Centre","Visual Interaction and Communications Centre",,,auto,,,
"University of Amsterdam/Vrije Universiteit Amsterdam","Vrije Universiteit",http://dbpedia.org/resource/Vrije_Universiteit,,auto,,,TRUE
"VU Amsterdam","Vrije Universiteit",http://dbpedia.org/resource/Vrije_Universiteit,,auto,,,TRUE
"VU University Amsterdam","Vrije Universiteit",http://dbpedia.org/resource/Vrije_Universiteit,,auto,,,TRUE
"Free University of Amsterdam","Vrije Universiteit Amsterdam",http://dbpedia.org/resource/Vrije_Universiteit,,"manual update",,,
"Frije University Amsterdam","Vrije Universiteit Amsterdam",http://dbpedia.org/resource/Vrije_Universiteit,,auto,,,
"Vrije U Amsterdam","Vrije Universiteit Amsterdam",http://dbpedia.org/resource/Vrije_Universiteit,,"manual update",,,
"Vrije Universiteit Amsterdam","Vrije Universiteit Amsterdam",http://dbpedia.org/resource/Vrije_Universiteit,,auto,,,
"Vrije Universiteit, Amsterdam","Vrije Universiteit Amsterdam",http://dbpedia.org/resource/Vrije_Universiteit,,auto,,,
"Vrije University","Vrije Universiteit Amsterdam",http://dbpedia.org/resource/Vrije_Universiteit,,auto,,,
"Vrije University Amsterdam","Vrije Universiteit Amsterdam",http://dbpedia.org/resource/Vrije_Universiteit,,"manual update",,,
"Vrije Universiteit, Brussels","Vrije Universiteit Brussel",http://dbpedia.org/resource/Vrije_Universiteit_Brussel,,auto,,,
"VTT Technical Research Centre of Finland","VTT Technical Research Centre of Finland",http://dbpedia.org/resource/VTT_Technical_Research_Centre_of_Finland,,auto,,,
"Vulcan Inc.","Vulcan Inc.",http://dbpedia.org/resource/Vulcan_Inc.,,auto,,,TRUE
W3C,W3C,http://dbpedia.org/resource/World_Wide_Web_Consortium,,auto,,,
W3C,W3C,http://dbpedia.org/resource/World_Wide_Web_Consortium,,"manual update",,,
"World Wide Web Consortium",W3C,http://dbpedia.org/resource/World_Wide_Web_Consortium,,auto,,,
"World-Wide Web Consortium",W3C,http://dbpedia.org/resource/World_Wide_Web_Consortium,,auto,,,
"Wainscott ventures","Wainscott ventures",,,manual,,,
"Warsaw University of Technology","Warsaw University of Technology",http://dbpedia.org/resource/Warsaw_University_of_Technology,,auto,,,
"Web Directions","Web Directions",,,auto,,,
WebMediaBrands,WebMediaBrands,,,auto,,,
"Whizbang !","Whizbang !",,,manual,,,
"WonderWeb: Ontology Infrastructure for the Semantic Web","WonderWeb: Ontology Infrastructure for the Semantic Web",,,auto,,,
"Worcester Polytechnic Institute","Worcester Polytechnic Institute",http://dbpedia.org/resource/Worcester_Polytechnic_Institute,,auto,,,
W3C,"World Wide Web Consortium",http://dbpedia.org/resource/World_Wide_Web_Consortium,,auto,,,
"Wright State University","Wright State University",http://dbpedia.org/resource/Wright_State_University,,auto,,,TRUE
Ximetrix,Ximetrix,,,auto,,,
"Xonar GmbH","Xonar GmbH",,,manual,,,
Xyleme,Xyleme,,,auto,,,
"Yahoo! Research","Yahoo! Research",http://dbpedia.org/resource/Yahoo!_Research,,auto,,,
"Yale University","Yale University",http://dbpedia.org/resource/Yale_University,,auto,,,
"Yarmouk University","Yarmouk University",http://dbpedia.org/resource/Yarmouk_University,,auto,,,TRUE
"Yeungnam University","Yeungnam University",http://dbpedia.org/resource/Yeungnam_University,,auto,,,TRUE
"York University","York University",http://dbpedia.org/resource/York_University,,auto,,,
